{
  "Chicago, IL|Seattle, WA": [
    [
      41.80407814427237,
      -87.5830078125
    ],
    [
      43.96119063892027,
      -91.318359375
    ],
    [
      46.195042108660154,
      -97.3388671875
    ],
    [
      47.39834920035926,
      -100.72265625000001
    ],
    [
      46.98025235521883,
      -106.04003906250001
    ],
    [
      46.619261036171515,
      -110.52246093750001
    ],
    [
      46.31658418182218,
      -116.67480468750001
    ],
    [
      47.15984001304432,
      -121.2451171875
    ]
  ],
  "Montgomery, AL|Atlanta, GA": [
    [
      32.367203146174205,
      -86.32026672363283
    ],
    [
      32.36894302288861,
      -86.30172729492189
    ],
    [
      32.36546323597204,
      -86.28318786621095
    ],
    [
      32.36662317982762,
      -86.2701416015625
    ],
    [
      32.35734321227391,
      -86.24954223632812
    ],
    [
      32.362563311220384,
      -86.21315002441408
    ],
    [
      32.360823311722164,
      -86.17469787597658
    ],
    [
      32.36662317982762,
      -86.13555908203126
    ],
    [
      32.367203146174205,
      -86.10740661621095
    ],
    [
      32.36604320976023,
      -86.0881805419922
    ],
    [
      32.36662317982762,
      -86.06140136718751
    ],
    [
      32.376482101657736,
      -86.02432250976564
    ],
    [
      32.38691978781105,
      -85.99205017089844
    ],
    [
      32.400834826722196,
      -85.97076416015625
    ],
    [
      32.410110328024494,
      -85.95085144042969
    ],
    [
      32.42691974445752,
      -85.91171264648439
    ],
    [
      32.432715368714646,
      -85.88493347167969
    ],
    [
      32.436772084066945,
      -85.85952758789064
    ],
    [
      32.43445398335842,
      -85.84236145019531
    ],
    [
      32.44314655368639,
      -85.82450866699219
    ],
    [
      32.44488496716713,
      -85.79086303710939
    ],
    [
      32.447782248455646,
      -85.76683044433595
    ],
    [
      32.456473533435215,
      -85.7256317138672
    ],
    [
      32.46748129079336,
      -85.71189880371094
    ],
    [
      32.47674993765338,
      -85.67825317382814
    ],
    [
      32.47674993765338,
      -85.66108703613283
    ],
    [
      32.488334404292765,
      -85.63636779785158
    ],
    [
      32.50397106862537,
      -85.60684204101562
    ],
    [
      32.5253946746004,
      -85.56907653808594
    ],
    [
      32.54044604524303,
      -85.53405761718751
    ],
    [
      32.56243966476438,
      -85.5010986328125
    ],
    [
      32.5896348430673,
      -85.45989990234375
    ],
    [
      32.61219479244032,
      -85.41183471679689
    ],
    [
      32.63648376797192,
      -85.36376953125001
    ],
    [
      32.649203933848874,
      -85.34729003906251
    ],
    [
      32.704111144407406,
      -85.31021118164062
    ],
    [
      32.71855479966606,
      -85.30197143554689
    ],
    [
      32.80863035598915,
      -85.2264404296875
    ],
    [
      32.856518010109575,
      -85.1763153076172
    ],
    [
      32.92052015245145,
      -85.11177062988283
    ],
    [
      32.94875863715422,
      -85.09735107421875
    ],
    [
      32.963738661317095,
      -85.07743835449219
    ],
    [
      32.97756412196913,
      -85.05477905273438
    ],
    [
      32.99714648628775,
      -85.01632690429688
    ],
    [
      33.01730026400318,
      -84.98542785644533
    ],
    [
      33.042629907076225,
      -84.96894836425783
    ],
    [
      33.06967852780712,
      -84.9298095703125
    ],
    [
      33.123750829710225,
      -84.89273071289064
    ],
    [
      33.17778985580038,
      -84.86251831054689
    ],
    [
      33.216861158847514,
      -84.82131958007812
    ],
    [
      33.243281858479484,
      -84.80484008789062
    ],
    [
      33.27543541298162,
      -84.80209350585938
    ],
    [
      33.31561070918831,
      -84.78698730468751
    ],
    [
      33.33970700424029,
      -84.76226806640625
    ],
    [
      33.39246607190078,
      -84.75540161132814
    ],
    [
      33.4302952539532,
      -84.71969604492188
    ],
    [
      33.44633901936737,
      -84.68536376953126
    ],
    [
      33.49101671911275,
      -84.65103149414064
    ],
    [
      33.52422366383016,
      -84.61669921875001
    ],
    [
      33.55169563498065,
      -84.56176757812501
    ],
    [
      33.57915887334388,
      -84.51507568359376
    ],
    [
      33.606613375388086,
      -84.48348999023438
    ],
    [
      33.61919376817004,
      -84.48829650878906
    ],
    [
      33.62205269226263,
      -84.462890625
    ],
    [
      33.618050171974545,
      -84.43748474121095
    ],
    [
      33.63062889539564,
      -84.41413879394533
    ],
    [
      33.63405913759071,
      -84.39903259277344
    ],
    [
      33.64835034281765,
      -84.39765930175781
    ],
    [
      33.667782574792184,
      -84.39697265625
    ],
    [
      33.69063840492285,
      -84.40109252929688
    ],
    [
      33.708347493688414,
      -84.40383911132812
    ],
    [
      33.7437547178534,
      -84.39010620117189
    ]
  ],